xm_lf,lf2_Sfs,sqrt_h1_h2,h_wf,kn
0.1,2.5,0.8,0.5,0.001152075
0.1,2.5,0.8,0.6,0.001517418
0.1,2.5,0.8,0.8,0.002007309
0.1,2.5,0.8,1,0.002378879
0.1,2.5,0.8,2,0.002657038
0.1,2.5,1,0.5,0.001377551
0.1,2.5,1,0.6,0.001814396
0.1,2.5,1,0.8,0.002400165
0.1,2.5,1,1,0.002844457
0.1,2.5,1,2,0.003177055
0.1,2.5,1.2,0.5,0.001693141
0.1,2.5,1.2,0.6,0.002230065
0.1,2.5,1.2,0.8,0.002950032
0.1,2.5,1.2,1,0.003496108
0.1,2.5,1.2,2,0.003904902
0.1,2.5,1.4,0.5,0.001960361
0.1,2.5,1.4,0.6,0.002582025
0.1,2.5,1.4,0.8,0.00341562
0.1,2.5,1.4,1,0.004047881
0.1,2.5,1.4,2,0.004521193
0.1,2.5,1.6,0.5,0.002263572
0.1,2.5,1.6,0.6,0.002981389
0.1,2.5,1.6,0.8,0.003943917
0.1,2.5,1.6,1,0.004673969
0.1,2.5,1.6,2,0.005220489
0.1,4,0.8,0.5,0.000828082
0.1,4,0.8,0.6,0.00109068
0.1,4,0.8,0.8,0.001442801
0.1,4,0.8,1,0.001709876
0.1,4,0.8,2,0.00190981
0.1,4,1,0.5,0.000990148
0.1,4,1,0.6,0.001304141
0.1,4,1,0.8,0.001725176
0.1,4,1,1,0.002044521
0.1,4,1,2,0.002283584
0.1,4,1.2,0.5,0.001216986
0.1,4,1.2,0.6,0.001602913
0.1,4,1.2,0.8,0.002120406
0.1,4,1.2,1,0.002512911
0.1,4,1.2,2,0.002806742
0.1,4,1.4,0.5,0.001409056
0.1,4,1.4,0.6,0.001855892
0.1,4,1.4,0.8,0.002455059
0.1,4,1.4,1,0.002909511
0.1,4,1.4,2,0.003249716
0.1,4,1.6,0.5,0.001626996
0.1,4,1.6,0.6,0.002142945
0.1,4,1.6,0.8,0.002834785
0.1,4,1.6,1,0.003359527
0.1,4,1.6,2,0.003752352
0.1,6,0.8,0.5,0.000468775
0.1,6,0.8,0.6,0.000617432
0.1,6,0.8,0.8,0.000816767
0.1,6,0.8,1,0.000967958
0.1,6,0.8,2,0.00108114
0.1,6,1,0.5,0.000560521
0.1,6,1,0.6,0.000738271
0.1,6,1,0.8,0.000976619
0.1,6,1,1,0.0011574
0.1,6,1,2,0.001292733
0.1,6,1.2,0.5,0.000688933
0.1,6,1.2,0.6,0.000907406
0.1,6,1.2,0.8,0.001200358
0.1,6,1.2,1,0.001422554
0.1,6,1.2,2,0.001588891
0.1,6,1.4,0.5,0.000797664
0.1,6,1.4,0.6,0.001050617
0.1,6,1.4,0.8,0.001389804
0.1,6,1.4,1,0.001647069
0.1,6,1.4,2,0.001839658
0.1,6,1.6,0.5,0.000921039
0.1,6,1.6,0.6,0.001213117
0.1,6,1.6,0.8,0.001604766
0.1,6,1.6,1,0.001901822
0.1,6,1.6,2,0.002124199
0.1,8,0.8,0.5,0.000247189
0.1,8,0.8,0.6,0.000325576
0.1,8,0.8,0.8,0.000430687
0.1,8,0.8,1,0.000510411
0.1,8,0.8,2,0.000570092
0.1,8,1,0.5,0.000295567
0.1,8,1,0.6,0.000389296
0.1,8,1,0.8,0.000514978
0.1,8,1,1,0.000610305
0.1,8,1,2,0.000681667
0.1,8,1.2,0.5,0.000363279
0.1,8,1.2,0.6,0.000478481
0.1,8,1.2,0.8,0.000632957
0.1,8,1.2,1,0.000750123
0.1,8,1.2,2,0.000837833
0.1,8,1.4,0.5,0.000420614
0.1,8,1.4,0.6,0.000553998
0.1,8,1.4,0.8,0.000732853
0.1,8,1.4,1,0.000868511
0.1,8,1.4,2,0.000970064
0.1,8,1.6,0.5,0.000485671
0.1,8,1.6,0.6,0.000639685
0.1,8,1.6,0.8,0.000846204
0.1,8,1.6,1,0.001002844
0.1,8,1.6,2,0.001120105
0.1,14,0.8,0.5,-2.91E-05
0.1,14,0.8,0.6,-3.84E-05
0.1,14,0.8,0.8,-5.08E-05
0.1,14,0.8,1,-6.02E-05
0.1,14,0.8,2,-6.72E-05
0.1,14,1,0.5,-3.48E-05
0.1,14,1,0.6,-4.59E-05
0.1,14,1,0.8,-6.07E-05
0.1,14,1,1,-7.19E-05
0.1,14,1,2,-8.03E-05
0.1,14,1.2,0.5,-4.28E-05
0.1,14,1.2,0.6,-5.64E-05
0.1,14,1.2,0.8,-7.46E-05
0.1,14,1.2,1,-8.84E-05
0.1,14,1.2,2,-9.87E-05
0.1,14,1.4,0.5,-4.96E-05
0.1,14,1.4,0.6,-6.53E-05
0.1,14,1.4,0.8,-8.64E-05
0.1,14,1.4,1,-0.00010236
0.1,14,1.4,2,-0.000114329
0.1,14,1.6,0.5,-5.72E-05
0.1,14,1.6,0.6,-7.54E-05
0.1,14,1.6,0.8,-9.97E-05
0.1,14,1.6,1,-0.000118192
0.1,14,1.6,2,-0.000132012
0.2,2.5,0.8,0.5,0.001286389
0.2,2.5,0.8,0.6,0.001694325
0.2,2.5,0.8,0.8,0.00224133
0.2,2.5,0.8,1,0.00265622
0.2,2.5,0.8,2,0.002966807
0.2,2.5,1,0.5,0.001538152
0.2,2.5,1,0.6,0.002025927
0.2,2.5,1,0.8,0.002679988
0.2,2.5,1,1,0.003176076
0.2,2.5,1,2,0.00354745
0.2,2.5,1.2,0.5,0.001890535
0.2,2.5,1.2,0.6,0.002490056
0.2,2.5,1.2,0.8,0.00329396
0.2,2.5,1.2,1,0.0039037
0.2,2.5,1.2,2,0.004360153
0.2,2.5,1.4,0.5,0.002188909
0.2,2.5,1.4,0.6,0.002883049
0.2,2.5,1.4,0.8,0.003813829
0.2,2.5,1.4,1,0.004519801
0.2,2.5,1.4,2,0.005048294
0.2,2.5,1.6,0.5,0.002527469
0.2,2.5,1.6,0.6,0.003328973
0.2,2.5,1.6,0.8,0.004403716
0.2,2.5,1.6,1,0.005218882
0.2,2.5,1.6,2,0.005829118
0.2,4,0.8,0.5,0.000949532
0.2,4,0.8,0.6,0.001250645
0.2,4,0.8,0.8,0.001654409
0.2,4,0.8,1,0.001960655
0.2,4,0.8,2,0.002189911
0.2,4,1,0.5,0.001135367
0.2,4,1,0.6,0.001495412
0.2,4,1,0.8,0.001978199
0.2,4,1,1,0.00234438
0.2,4,1,2,0.002618505
0.2,4,1.2,0.5,0.001395475
0.2,4,1.2,0.6,0.001838003
0.2,4,1.2,0.8,0.002431394
0.2,4,1.2,1,0.002881466
0.2,4,1.2,2,0.003218392
0.2,4,1.4,0.5,0.001615715
0.2,4,1.4,0.6,0.002128086
0.2,4,1.4,0.8,0.002815129
0.2,4,1.4,1,0.003336234
0.2,4,1.4,2,0.003726334
0.2,4,1.6,0.5,0.001865619
0.2,4,1.6,0.6,0.002457239
0.2,4,1.6,0.8,0.003250547
0.2,4,1.6,1,0.003852251
0.2,4,1.6,2,0.004302689
0.2,6,0.8,0.5,0.000588838
0.2,6,0.8,0.6,0.000775569
0.2,6,0.8,0.8,0.001025958
0.2,6,0.8,1,0.001215872
0.2,6,0.8,2,0.001358042
0.2,6,1,0.5,0.000704082
0.2,6,1,0.6,0.000927358
0.2,6,1,0.8,0.001226751
0.2,6,1,1,0.001453833
0.2,6,1,2,0.001623828
0.2,6,1.2,0.5,0.000865383
0.2,6,1.2,0.6,0.001139811
0.2,6,1.2,0.8,0.001507794
0.2,6,1.2,1,0.0017869
0.2,6,1.2,2,0.001995839
0.2,6,1.4,0.5,0.001001962
0.2,6,1.4,0.6,0.001319702
0.2,6,1.4,0.8,0.001745761
0.2,6,1.4,1,0.002068917
0.2,6,1.4,2,0.002310832
0.2,6,1.6,0.5,0.001156937
0.2,6,1.6,0.6,0.001523821
0.2,6,1.6,0.8,0.00201578
0.2,6,1.6,1,0.002388918
0.2,6,1.6,2,0.00266825
0.2,8,0.8,0.5,0.000361955
0.2,8,0.8,0.6,0.000476737
0.2,8,0.8,0.8,0.000630649
0.2,8,0.8,1,0.000747387
0.2,8,0.8,2,0.000834778
0.2,8,1,0.5,0.000432794
0.2,8,1,0.6,0.00057004
0.2,8,1,0.8,0.000754075
0.2,8,1,1,0.000893661
0.2,8,1,2,0.000998155
0.2,8,1.2,0.5,0.000531945
0.2,8,1.2,0.6,0.000700634
0.2,8,1.2,0.8,0.00092683
0.2,8,1.2,1,0.001098394
0.2,8,1.2,2,0.001226828
0.2,8,1.4,0.5,0.000615899
0.2,8,1.4,0.6,0.000811211
0.2,8,1.4,0.8,0.001073107
0.2,8,1.4,1,0.001271748
0.2,8,1.4,2,0.001420451
0.2,8,1.6,0.5,0.00071116
0.2,8,1.6,0.6,0.000936682
0.2,8,1.6,0.8,0.001239085
0.2,8,1.6,1,0.00146845
0.2,8,1.6,2,0.001640154
0.2,14,0.8,0.5,8.99E-05
0.2,14,0.8,0.6,0.000118437
0.2,14,0.8,0.8,0.000156673
0.2,14,0.8,1,0.000185675
0.2,14,0.8,2,0.000207386
0.2,14,1,0.5,0.00010752
0.2,14,1,0.6,0.000141616
0.2,14,1,0.8,0.000187336
0.2,14,1,1,0.000222014
0.2,14,1,2,0.000247974
0.2,14,1.2,0.5,0.000132152
0.2,14,1.2,0.6,0.00017406
0.2,14,1.2,0.8,0.000230254
0.2,14,1.2,1,0.000272876
0.2,14,1.2,2,0.000304783
0.2,14,1.4,0.5,0.000153009
0.2,14,1.4,0.6,0.000201531
0.2,14,1.4,0.8,0.000266594
0.2,14,1.4,1,0.000315943
0.2,14,1.4,2,0.000352886
0.2,14,1.6,0.5,0.000176675
0.2,14,1.6,0.6,0.000232702
0.2,14,1.6,0.8,0.000307828
0.2,14,1.6,1,0.00036481
0.2,14,1.6,2,0.000407467
0.3,2.5,0.8,0.5,0.001420703
0.3,2.5,0.8,0.6,0.001871233
0.3,2.5,0.8,0.8,0.002475352
0.3,2.5,0.8,1,0.00293356
0.3,2.5,0.8,2,0.003276577
0.3,2.5,1,0.5,0.001698753
0.3,2.5,1,0.6,0.002237457
0.3,2.5,1,0.8,0.00295981
0.3,2.5,1,1,0.003507696
0.3,2.5,1,2,0.003917846
0.3,2.5,1.2,0.5,0.002087929
0.3,2.5,1.2,0.6,0.002750048
0.3,2.5,1.2,0.8,0.003637888
0.3,2.5,1.2,1,0.004311292
0.3,2.5,1.2,2,0.004815405
0.3,2.5,1.4,0.5,0.002417457
0.3,2.5,1.4,0.6,0.003184074
0.3,2.5,1.4,0.8,0.004212037
0.3,2.5,1.4,1,0.004991722
0.3,2.5,1.4,2,0.005575396
0.3,2.5,1.6,0.5,0.002791367
0.3,2.5,1.6,0.6,0.003676557
0.3,2.5,1.6,0.8,0.004863516
0.3,2.5,1.6,1,0.005763795
0.3,2.5,1.6,2,0.006437746
0.3,4,0.8,0.5,0.001070982
0.3,4,0.8,0.6,0.001410609
0.3,4,0.8,0.8,0.001866017
0.3,4,0.8,1,0.002211433
0.3,4,0.8,2,0.002470013
0.3,4,1,0.5,0.001280587
0.3,4,1,0.6,0.001686683
0.3,4,1,0.8,0.002231221
0.3,4,1,1,0.002644239
0.3,4,1,2,0.002953426
0.3,4,1.2,0.5,0.001573963
0.3,4,1.2,0.6,0.002073094
0.3,4,1.2,0.8,0.002742383
0.3,4,1.2,1,0.003250022
0.3,4,1.2,2,0.003630042
0.3,4,1.4,0.5,0.001822374
0.3,4,1.4,0.6,0.00240028
0.3,4,1.4,0.8,0.003175199
0.3,4,1.4,1,0.003762956
0.3,4,1.4,2,0.004202953
0.3,4,1.6,0.5,0.002104242
0.3,4,1.6,0.6,0.002771533
0.3,4,1.6,0.8,0.00366631
0.3,4,1.6,1,0.004344975
0.3,4,1.6,2,0.004853026
0.3,6,0.8,0.5,0.000708901
0.3,6,0.8,0.6,0.000933706
0.3,6,0.8,0.8,0.001235149
0.3,6,0.8,1,0.001463785
0.3,6,0.8,2,0.001634944
0.3,6,1,0.5,0.000847643
0.3,6,1,0.6,0.001116444
0.3,6,1,0.8,0.001476883
0.3,6,1,1,0.001750267
0.3,6,1,2,0.001954923
0.3,6,1.2,0.5,0.001041833
0.3,6,1.2,0.6,0.001372216
0.3,6,1.2,0.8,0.00181523
0.3,6,1.2,1,0.002151245
0.3,6,1.2,2,0.002402787
0.3,6,1.4,0.5,0.00120626
0.3,6,1.4,0.6,0.001588786
0.3,6,1.4,0.8,0.002101719
0.3,6,1.4,1,0.002490765
0.3,6,1.4,2,0.002782006
0.3,6,1.6,0.5,0.001392834
0.3,6,1.6,0.6,0.001834525
0.3,6,1.6,0.8,0.002426793
0.3,6,1.6,1,0.002876013
0.3,6,1.6,2,0.003212301
0.3,8,0.8,0.5,0.000476721
0.3,8,0.8,0.6,0.000627897
0.3,8,0.8,0.8,0.000830611
0.3,8,0.8,1,0.000984364
0.3,8,0.8,2,0.001099464
0.3,8,1,0.5,0.000570021
0.3,8,1,0.6,0.000750785
0.3,8,1,0.8,0.000993172
0.3,8,1,1,0.001177017
0.3,8,1,2,0.001314643
0.3,8,1.2,0.5,0.00070061
0.3,8,1.2,0.6,0.000922786
0.3,8,1.2,0.8,0.001220703
0.3,8,1.2,1,0.001446665
0.3,8,1.2,2,0.001615822
0.3,8,1.4,0.5,0.000811184
0.3,8,1.4,0.6,0.001068424
0.3,8,1.4,0.8,0.00141336
0.3,8,1.4,1,0.001674985
0.3,8,1.4,2,0.001870839
0.3,8,1.6,0.5,0.00093665
0.3,8,1.6,0.6,0.001233678
0.3,8,1.6,0.8,0.001631965
0.3,8,1.6,1,0.001934056
0.3,8,1.6,2,0.002160203
0.3,14,0.8,0.5,0.000208975
0.3,14,0.8,0.6,0.000275245
0.3,14,0.8,0.8,0.000364106
0.3,14,0.8,1,0.000431506
0.3,14,0.8,2,0.000481961
0.3,14,1,0.5,0.000249874
0.3,14,1,0.6,0.000329114
0.3,14,1,0.8,0.000435367
0.3,14,1,1,0.000515957
0.3,14,1,2,0.000576287
0.3,14,1.2,0.5,0.000307119
0.3,14,1.2,0.6,0.000404512
0.3,14,1.2,0.8,0.000535107
0.3,14,1.2,1,0.00063416
0.3,14,1.2,2,0.000708311
0.3,14,1.4,0.5,0.00035559
0.3,14,1.4,0.6,0.000468354
0.3,14,1.4,0.8,0.00061956
0.3,14,1.4,1,0.000734246
0.3,14,1.4,2,0.0008201
0.3,14,1.6,0.5,0.00041059
0.3,14,1.6,0.6,0.000540795
0.3,14,1.6,0.8,0.000715388
0.3,14,1.6,1,0.000847813
0.3,14,1.6,2,0.000946946
0.4,2.5,0.8,0.5,0.001555018
0.4,2.5,0.8,0.6,0.00204814
0.4,2.5,0.8,0.8,0.002709373
0.4,2.5,0.8,1,0.003210901
0.4,2.5,0.8,2,0.003586347
0.4,2.5,1,0.5,0.001859355
0.4,2.5,1,0.6,0.002448988
0.4,2.5,1,0.8,0.003239632
0.4,2.5,1,1,0.003839316
0.4,2.5,1,2,0.004288241
0.4,2.5,1.2,0.5,0.002285324
0.4,2.5,1.2,0.6,0.003010039
0.4,2.5,1.2,0.8,0.003981816
0.4,2.5,1.2,1,0.004718884
0.4,2.5,1.2,2,0.005270656
0.4,2.5,1.4,0.5,0.002646005
0.4,2.5,1.4,0.6,0.003485098
0.4,2.5,1.4,0.8,0.004610246
0.4,2.5,1.4,1,0.005463642
0.4,2.5,1.4,2,0.006102497
0.4,2.5,1.6,0.5,0.003055264
0.4,2.5,1.6,0.6,0.004024141
0.4,2.5,1.6,0.8,0.005323316
0.4,2.5,1.6,1,0.006308708
0.4,2.5,1.6,2,0.007046375
0.4,4,0.8,0.5,0.001192432
0.4,4,0.8,0.6,0.001570573
0.4,4,0.8,0.8,0.002077625
0.4,4,0.8,1,0.002462212
0.4,4,0.8,2,0.002750114
0.4,4,1,0.5,0.001425807
0.4,4,1,0.6,0.001877955
0.4,4,1,0.8,0.002484244
0.4,4,1,1,0.002944098
0.4,4,1,2,0.003288347
0.4,4,1.2,0.5,0.001752452
0.4,4,1.2,0.6,0.002308185
0.4,4,1.2,0.8,0.003053371
0.4,4,1.2,1,0.003618577
0.4,4,1.2,2,0.004041691
0.4,4,1.4,0.5,0.002029033
0.4,4,1.4,0.6,0.002672474
0.4,4,1.4,0.8,0.00353527
0.4,4,1.4,1,0.004189678
0.4,4,1.4,2,0.004679571
0.4,4,1.6,0.5,0.002342865
0.4,4,1.6,0.6,0.003085827
0.4,4,1.6,0.8,0.004082072
0.4,4,1.6,1,0.004837699
0.4,4,1.6,2,0.005403364
0.4,6,0.8,0.5,0.000828964
0.4,6,0.8,0.6,0.001091843
0.4,6,0.8,0.8,0.00144434
0.4,6,0.8,1,0.001711699
0.4,6,0.8,2,0.001911846
0.4,6,1,0.5,0.000991203
0.4,6,1,0.6,0.001305531
0.4,6,1,0.8,0.001727016
0.4,6,1,1,0.002046701
0.4,6,1,2,0.002286019
0.4,6,1.2,0.5,0.001218283
0.4,6,1.2,0.6,0.001604622
0.4,6,1.2,0.8,0.002122666
0.4,6,1.2,1,0.00251559
0.4,6,1.2,2,0.002809734
0.4,6,1.4,0.5,0.001410559
0.4,6,1.4,0.6,0.001857871
0.4,6,1.4,0.8,0.002457676
0.4,6,1.4,1,0.002912613
0.4,6,1.4,2,0.00325318
0.4,6,1.6,0.5,0.001628731
0.4,6,1.6,0.6,0.002145229
0.4,6,1.6,0.8,0.002837807
0.4,6,1.6,1,0.003363109
0.4,6,1.6,2,0.003756352
0.4,8,0.8,0.5,0.000591487
0.4,8,0.8,0.6,0.000779057
0.4,8,0.8,0.8,0.001030572
0.4,8,0.8,1,0.00122134
0.4,8,0.8,2,0.00136415
0.4,8,1,0.5,0.000707248
0.4,8,1,0.6,0.000931529
0.4,8,1,0.8,0.001232269
0.4,8,1,1,0.001460372
0.4,8,1,2,0.001631131
0.4,8,1.2,0.5,0.000869276
0.4,8,1.2,0.6,0.001144938
0.4,8,1.2,0.8,0.001514576
0.4,8,1.2,1,0.001794937
0.4,8,1.2,2,0.002004816
0.4,8,1.4,0.5,0.001006469
0.4,8,1.4,0.6,0.001325637
0.4,8,1.4,0.8,0.001753613
0.4,8,1.4,1,0.002078222
0.4,8,1.4,2,0.002321226
0.4,8,1.6,0.5,0.00116214
0.4,8,1.6,0.6,0.001530675
0.4,8,1.6,0.8,0.002024846
0.4,8,1.6,1,0.002399662
0.4,8,1.6,2,0.002680251
0.4,14,0.8,0.5,0.000328029
0.4,14,0.8,0.6,0.000432053
0.4,14,0.8,0.8,0.000571539
0.4,14,0.8,1,0.000677336
0.4,14,0.8,2,0.000756536
0.4,14,1,0.5,0.000392229
0.4,14,1,0.6,0.000516611
0.4,14,1,0.8,0.000683397
0.4,14,1,1,0.000809899
0.4,14,1,2,0.0009046
0.4,14,1.2,0.5,0.000482087
0.4,14,1.2,0.6,0.000634964
0.4,14,1.2,0.8,0.00083996
0.4,14,1.2,1,0.000995443
0.4,14,1.2,2,0.001111839
0.4,14,1.4,0.5,0.000558172
0.4,14,1.4,0.6,0.000735178
0.4,14,1.4,0.8,0.000972526
0.4,14,1.4,1,0.001152549
0.4,14,1.4,2,0.001287315
0.4,14,1.6,0.5,0.000644505
0.4,14,1.6,0.6,0.000848888
0.4,14,1.6,0.8,0.001122948
0.4,14,1.6,1,0.001330815
0.4,14,1.6,2,0.001486425
0.5,2.5,0.8,0.5,0.001689332
0.5,2.5,0.8,0.6,0.002225048
0.5,2.5,0.8,0.8,0.002943394
0.5,2.5,0.8,1,0.003488242
0.5,2.5,0.8,2,0.003896116
0.5,2.5,1,0.5,0.002019956
0.5,2.5,1,0.6,0.002660518
0.5,2.5,1,0.8,0.003519454
0.5,2.5,1,1,0.004170936
0.5,2.5,1,2,0.004658637
0.5,2.5,1.2,0.5,0.002482718
0.5,2.5,1.2,0.6,0.00327003
0.5,2.5,1.2,0.8,0.004325744
0.5,2.5,1.2,1,0.005126477
0.5,2.5,1.2,2,0.005725907
0.5,2.5,1.4,0.5,0.002874552
0.5,2.5,1.4,0.6,0.003786122
0.5,2.5,1.4,0.8,0.005008454
0.5,2.5,1.4,1,0.005935562
0.5,2.5,1.4,2,0.006629598
0.5,2.5,1.6,0.5,0.003319162
0.5,2.5,1.6,0.6,0.004371725
0.5,2.5,1.6,0.8,0.005783116
0.5,2.5,1.6,1,0.00685362
0.5,2.5,1.6,2,0.007655003
0.5,4,0.8,0.5,0.001313883
0.5,4,0.8,0.6,0.001730537
0.5,4,0.8,0.8,0.002289233
0.5,4,0.8,1,0.00271299
0.5,4,0.8,2,0.003030216
0.5,4,1,0.5,0.001571026
0.5,4,1,0.6,0.002069226
0.5,4,1,0.8,0.002737266
0.5,4,1,1,0.003243957
0.5,4,1,2,0.003623268
0.5,4,1.2,0.5,0.001930941
0.5,4,1.2,0.6,0.002543275
0.5,4,1.2,0.8,0.00336436
0.5,4,1.2,1,0.003987132
0.5,4,1.2,2,0.004453341
0.5,4,1.4,0.5,0.002235691
0.5,4,1.4,0.6,0.002944668
0.5,4,1.4,0.8,0.00389534
0.5,4,1.4,1,0.004616401
0.5,4,1.4,2,0.005156189
0.5,4,1.6,0.5,0.002581488
0.5,4,1.6,0.6,0.003400121
0.5,4,1.6,0.8,0.004497835
0.5,4,1.6,1,0.005330423
0.5,4,1.6,2,0.005953701
0.5,6,0.8,0.5,0.000949027
0.5,6,0.8,0.6,0.00124998
0.5,6,0.8,0.8,0.00165353
0.5,6,0.8,1,0.001959613
0.5,6,0.8,2,0.002188748
0.5,6,1,0.5,0.001134764
0.5,6,1,0.6,0.001494617
0.5,6,1,0.8,0.001977148
0.5,6,1,1,0.002343135
0.5,6,1,2,0.002617114
0.5,6,1.2,0.5,0.001394733
0.5,6,1.2,0.6,0.001837027
0.5,6,1.2,0.8,0.002430103
0.5,6,1.2,1,0.002879935
0.5,6,1.2,2,0.003216682
0.5,6,1.4,0.5,0.001614857
0.5,6,1.4,0.6,0.002126956
0.5,6,1.4,0.8,0.002813633
0.5,6,1.4,1,0.003334461
0.5,6,1.4,2,0.003724354
0.5,6,1.6,0.5,0.001864628
0.5,6,1.6,0.6,0.002455933
0.5,6,1.6,0.8,0.00324882
0.5,6,1.6,1,0.003850205
0.5,6,1.6,2,0.004300403
0.5,8,0.8,0.5,0.000706253
0.5,8,0.8,0.6,0.000930218
0.5,8,0.8,0.8,0.001230534
0.5,8,0.8,1,0.001458317
0.5,8,0.8,2,0.001628835
0.5,8,1,0.5,0.000844476
0.5,8,1,0.6,0.001112273
0.5,8,1,0.8,0.001471366
0.5,8,1,1,0.001743728
0.5,8,1,2,0.00194762
0.5,8,1.2,0.5,0.001037941
0.5,8,1.2,0.6,0.00136709
0.5,8,1.2,0.8,0.001808448
0.5,8,1.2,1,0.002143208
0.5,8,1.2,2,0.00239381
0.5,8,1.4,0.5,0.001201754
0.5,8,1.4,0.6,0.001582851
0.5,8,1.4,0.8,0.002093867
0.5,8,1.4,1,0.002481459
0.5,8,1.4,2,0.002771613
0.5,8,1.6,0.5,0.00138763
0.5,8,1.6,0.6,0.001827671
0.5,8,1.6,0.8,0.002417727
0.5,8,1.6,1,0.002865269
0.5,8,1.6,2,0.0032003
0.5,14,0.8,0.5,0.000447083
0.5,14,0.8,0.6,0.000588861
0.5,14,0.8,0.8,0.000778972
0.5,14,0.8,1,0.000923167
0.5,14,0.8,2,0.001031111
0.5,14,1,0.5,0.000534583
0.5,14,1,0.6,0.000704109
0.5,14,1,0.8,0.000931427
0.5,14,1,1,0.001103842
0.5,14,1,2,0.001232913
0.5,14,1.2,0.5,0.000657054
0.5,14,1.2,0.6,0.000865417
0.5,14,1.2,0.8,0.001144812
0.5,14,1.2,1,0.001356727
0.5,14,1.2,2,0.001515367
0.5,14,1.4,0.5,0.000760753
0.5,14,1.4,0.6,0.001002001
0.5,14,1.4,0.8,0.001325492
0.5,14,1.4,1,0.001570852
0.5,14,1.4,2,0.00175453
0.5,14,1.6,0.5,0.000878419
0.5,14,1.6,0.6,0.001156981
0.5,14,1.6,0.8,0.001530507
0.5,14,1.6,1,0.001813817
0.5,14,1.6,2,0.002025904
0.6,2.5,0.8,0.5,0.001823646
0.6,2.5,0.8,0.6,0.002401955
0.6,2.5,0.8,0.8,0.003177415
0.6,2.5,0.8,1,0.003765582
0.6,2.5,0.8,2,0.004205886
0.6,2.5,1,0.5,0.002180557
0.6,2.5,1,0.6,0.002872049
0.6,2.5,1,0.8,0.003799277
0.6,2.5,1,1,0.004502555
0.6,2.5,1,2,0.005029032
0.6,2.5,1.2,0.5,0.002680112
0.6,2.5,1.2,0.6,0.003530021
0.6,2.5,1.2,0.8,0.004669672
0.6,2.5,1.2,1,0.005534069
0.6,2.5,1.2,2,0.006181159
0.6,2.5,1.4,0.5,0.0031031
0.6,2.5,1.4,0.6,0.004087146
0.6,2.5,1.4,0.8,0.005406663
0.6,2.5,1.4,1,0.006407483
0.6,2.5,1.4,2,0.0071567
0.6,2.5,1.6,0.5,0.003583059
0.6,2.5,1.6,0.6,0.004719309
0.6,2.5,1.6,0.8,0.006242916
0.6,2.5,1.6,1,0.007398533
0.6,2.5,1.6,2,0.008263632
0.6,4,0.8,0.5,0.001435333
0.6,4,0.8,0.6,0.001890501
0.6,4,0.8,0.8,0.002500841
0.6,4,0.8,1,0.002963768
0.6,4,0.8,2,0.003310317
0.6,4,1,0.5,0.001716246
0.6,4,1,0.6,0.002260497
0.6,4,1,0.8,0.002990288
0.6,4,1,1,0.003543816
0.6,4,1,2,0.003958189
0.6,4,1.2,0.5,0.00210943
0.6,4,1.2,0.6,0.002778366
0.6,4,1.2,0.8,0.003675349
0.6,4,1.2,1,0.004355687
0.6,4,1.2,2,0.004864991
0.6,4,1.4,0.5,0.00244235
0.6,4,1.4,0.6,0.003216861
0.6,4,1.4,0.8,0.00425541
0.6,4,1.4,1,0.005043123
0.6,4,1.4,2,0.005632808
0.6,4,1.6,0.5,0.00282011
0.6,4,1.6,0.6,0.003714416
0.6,4,1.6,0.8,0.004913598
0.6,4,1.6,1,0.005823147
0.6,4,1.6,2,0.006504038
0.6,6,0.8,0.5,0.00106909
0.6,6,0.8,0.6,0.001408117
0.6,6,0.8,0.8,0.001862721
0.6,6,0.8,1,0.002207527
0.6,6,0.8,2,0.00246565
0.6,6,1,0.5,0.001278325
0.6,6,1,0.6,0.001683704
0.6,6,1,0.8,0.00222728
0.6,6,1,1,0.002639569
0.6,6,1,2,0.002948209
0.6,6,1.2,0.5,0.001571183
0.6,6,1.2,0.6,0.002069432
0.6,6,1.2,0.8,0.002737539
0.6,6,1.2,1,0.003244281
0.6,6,1.2,2,0.00362363
0.6,6,1.4,0.5,0.001819155
0.6,6,1.4,0.6,0.00239604
0.6,6,1.4,0.8,0.003169591
0.6,6,1.4,1,0.003756309
0.6,6,1.4,2,0.004195529
0.6,6,1.6,0.5,0.002100525
0.6,6,1.6,0.6,0.002766637
0.6,6,1.6,0.8,0.003659834
0.6,6,1.6,1,0.0043373
0.6,6,1.6,2,0.004844454
0.6,8,0.8,0.5,0.000821019
0.6,8,0.8,0.6,0.001081378
0.6,8,0.8,0.8,0.001430496
0.6,8,0.8,1,0.001695293
0.6,8,0.8,2,0.001893521
0.6,8,1,0.5,0.000981703
0.6,8,1,0.6,0.001293018
0.6,8,1,0.8,0.001710463
0.6,8,1,1,0.002027084
0.6,8,1,2,0.002264108
0.6,8,1.2,0.5,0.001206606
0.6,8,1.2,0.6,0.001589242
0.6,8,1.2,0.8,0.002102321
0.6,8,1.2,1,0.002491479
0.6,8,1.2,2,0.002782804
0.6,8,1.4,0.5,0.001397039
0.6,8,1.4,0.6,0.001840064
0.6,8,1.4,0.8,0.00243412
0.6,8,1.4,1,0.002884697
0.6,8,1.4,2,0.003222
0.6,8,1.6,0.5,0.00161312
0.6,8,1.6,0.6,0.002124668
0.6,8,1.6,0.8,0.002810607
0.6,8,1.6,1,0.003330875
0.6,8,1.6,2,0.003720349
0.6,14,0.8,0.5,0.000566137
0.6,14,0.8,0.6,0.000745669
0.6,14,0.8,0.8,0.000986405
0.6,14,0.8,1,0.001168997
0.6,14,0.8,2,0.001305686
0.6,14,1,0.5,0.000676938
0.6,14,1,0.6,0.000891606
0.6,14,1,0.8,0.001179457
0.6,14,1,1,0.001397785
0.6,14,1,2,0.001561226
0.6,14,1.2,0.5,0.000832021
0.6,14,1.2,0.6,0.001095869
0.6,14,1.2,0.8,0.001449665
0.6,14,1.2,1,0.001718011
0.6,14,1.2,2,0.001918895
0.6,14,1.4,0.5,0.000963335
0.6,14,1.4,0.6,0.001268824
0.6,14,1.4,0.8,0.001678459
0.6,14,1.4,1,0.001989156
0.6,14,1.4,2,0.002221744
0.6,14,1.6,0.5,0.001112334
0.6,14,1.6,0.6,0.001465074
0.6,14,1.6,0.8,0.001938067
0.6,14,1.6,1,0.00229682
0.6,14,1.6,2,0.002565383
0.7,2.5,0.8,0.5,0.00195796
0.7,2.5,0.8,0.6,0.002578863
0.7,2.5,0.8,0.8,0.003411437
0.7,2.5,0.8,1,0.004042923
0.7,2.5,0.8,2,0.004515655
0.7,2.5,1,0.5,0.002341158
0.7,2.5,1,0.6,0.003083579
0.7,2.5,1,0.8,0.004079099
0.7,2.5,1,1,0.004834175
0.7,2.5,1,2,0.005399428
0.7,2.5,1.2,0.5,0.002877506
0.7,2.5,1.2,0.6,0.003790012
0.7,2.5,1.2,0.8,0.0050136
0.7,2.5,1.2,1,0.005941661
0.7,2.5,1.2,2,0.00663641
0.7,2.5,1.4,0.5,0.003331648
0.7,2.5,1.4,0.6,0.004388171
0.7,2.5,1.4,0.8,0.005804872
0.7,2.5,1.4,1,0.006879403
0.7,2.5,1.4,2,0.007683801
0.7,2.5,1.6,0.5,0.003846957
0.7,2.5,1.6,0.6,0.005066892
0.7,2.5,1.6,0.8,0.006702715
0.7,2.5,1.6,1,0.007943446
0.7,2.5,1.6,2,0.00887226
0.7,4,0.8,0.5,0.001556783
0.7,4,0.8,0.6,0.002050466
0.7,4,0.8,0.8,0.002712449
0.7,4,0.8,1,0.003214547
0.7,4,0.8,2,0.003590419
0.7,4,1,0.5,0.001861466
0.7,4,1,0.6,0.002451768
0.7,4,1,0.8,0.003243311
0.7,4,1,1,0.003843675
0.7,4,1,2,0.00429311
0.7,4,1.2,0.5,0.002287918
0.7,4,1.2,0.6,0.003013456
0.7,4,1.2,0.8,0.003986337
0.7,4,1.2,1,0.004724242
0.7,4,1.2,2,0.005276641
0.7,4,1.4,0.5,0.002649009
0.7,4,1.4,0.6,0.003489055
0.7,4,1.4,0.8,0.004615481
0.7,4,1.4,1,0.005469846
0.7,4,1.4,2,0.006109426
0.7,4,1.6,0.5,0.003058733
0.7,4,1.6,0.6,0.00402871
0.7,4,1.6,0.8,0.00532936
0.7,4,1.6,1,0.006315871
0.7,4,1.6,2,0.007054376
0.7,6,0.8,0.5,0.001189153
0.7,6,0.8,0.6,0.001566254
0.7,6,0.8,0.8,0.002071912
0.7,6,0.8,1,0.002455441
0.7,6,0.8,2,0.002742552
0.7,6,1,0.5,0.001421886
0.7,6,1,0.6,0.00187279
0.7,6,1,0.8,0.002477412
0.7,6,1,1,0.002936002
0.7,6,1,2,0.003279305
0.7,6,1.2,0.5,0.001747633
0.7,6,1.2,0.6,0.002301837
0.7,6,1.2,0.8,0.003044975
0.7,6,1.2,1,0.003608626
0.7,6,1.2,2,0.004030577
0.7,6,1.4,0.5,0.002023453
0.7,6,1.4,0.6,0.002665125
0.7,6,1.4,0.8,0.003525548
0.7,6,1.4,1,0.004178157
0.7,6,1.4,2,0.004666703
0.7,6,1.6,0.5,0.002336422
0.7,6,1.6,0.6,0.003077342
0.7,6,1.6,0.8,0.004070847
0.7,6,1.6,1,0.004824396
0.7,6,1.6,2,0.005388505
0.7,8,0.8,0.5,0.000935785
0.7,8,0.8,0.6,0.001232539
0.7,8,0.8,0.8,0.001630458
0.7,8,0.8,1,0.00193227
0.7,8,0.8,2,0.002158207
0.7,8,1,0.5,0.00111893
0.7,8,1,0.6,0.001473762
0.7,8,1,0.8,0.00194956
0.7,8,1,1,0.00231044
0.7,8,1,2,0.002580596
0.7,8,1.2,0.5,0.001375272
0.7,8,1.2,0.6,0.001811394
0.7,8,1.2,0.8,0.002396194
0.7,8,1.2,1,0.00283975
0.7,8,1.2,2,0.003171798
0.7,8,1.4,0.5,0.001592324
0.7,8,1.4,0.6,0.002097277
0.7,8,1.4,0.8,0.002774373
0.7,8,1.4,1,0.003287934
0.7,8,1.4,2,0.003672387
0.7,8,1.6,0.5,0.00183861
0.7,8,1.6,0.6,0.002421665
0.7,8,1.6,0.8,0.003203488
0.7,8,1.6,1,0.003796481
0.7,8,1.6,2,0.004240398
0.7,14,0.8,0.5,0.000685191
0.7,14,0.8,0.6,0.000902477
0.7,14,0.8,0.8,0.001193838
0.7,14,0.8,1,0.001414828
0.7,14,0.8,2,0.001580261
0.7,14,1,0.5,0.000819292
0.7,14,1,0.6,0.001079104
0.7,14,1,0.8,0.001427488
0.7,14,1,1,0.001691728
0.7,14,1,2,0.001889539
0.7,14,1.2,0.5,0.001006988
0.7,14,1.2,0.6,0.001326321
0.7,14,1.2,0.8,0.001754518
0.7,14,1.2,1,0.002079294
0.7,14,1.2,2,0.002322423
0.7,14,1.4,0.5,0.001165916
0.7,14,1.4,0.6,0.001535648
0.7,14,1.4,0.8,0.002031425
0.7,14,1.4,1,0.002407459
0.7,14,1.4,2,0.002688959
0.7,14,1.6,0.5,0.001346249
0.7,14,1.6,0.6,0.001773168
0.7,14,1.6,0.8,0.002345627
0.7,14,1.6,1,0.002779822
0.7,14,1.6,2,0.003104863
0.8,2.5,0.8,0.5,0.002092274
0.8,2.5,0.8,0.6,0.00275577
0.8,2.5,0.8,0.8,0.003645458
0.8,2.5,0.8,1,0.004320263
0.8,2.5,0.8,2,0.004825425
0.8,2.5,1,0.5,0.002501759
0.8,2.5,1,0.6,0.00329511
0.8,2.5,1,0.8,0.004358921
0.8,2.5,1,1,0.005165795
0.8,2.5,1,2,0.005769823
0.8,2.5,1.2,0.5,0.0030749
0.8,2.5,1.2,0.6,0.004050004
0.8,2.5,1.2,0.8,0.005357529
0.8,2.5,1.2,1,0.006349253
0.8,2.5,1.2,2,0.007091661
0.8,2.5,1.4,0.5,0.003560196
0.8,2.5,1.4,0.6,0.004689195
0.8,2.5,1.4,0.8,0.00620308
0.8,2.5,1.4,1,0.007351324
0.8,2.5,1.4,2,0.008210902
0.8,2.5,1.6,0.5,0.004110854
0.8,2.5,1.6,0.6,0.005414476
0.8,2.5,1.6,0.8,0.007162515
0.8,2.5,1.6,1,0.008488358
0.8,2.5,1.6,2,0.009480889
0.8,4,0.8,0.5,0.001678233
0.8,4,0.8,0.6,0.00221043
0.8,4,0.8,0.8,0.002924057
0.8,4,0.8,1,0.003465325
0.8,4,0.8,2,0.00387052
0.8,4,1,0.5,0.002006685
0.8,4,1,0.6,0.00264304
0.8,4,1,0.8,0.003496333
0.8,4,1,1,0.004143534
0.8,4,1,2,0.004628031
0.8,4,1.2,0.5,0.002466407
0.8,4,1.2,0.6,0.003248547
0.8,4,1.2,0.8,0.004297326
0.8,4,1.2,1,0.005092798
0.8,4,1.2,2,0.00568829
0.8,4,1.4,0.5,0.002855668
0.8,4,1.4,0.6,0.003761249
0.8,4,1.4,0.8,0.004975551
0.8,4,1.4,1,0.005896568
0.8,4,1.4,2,0.006586044
0.8,4,1.6,0.5,0.003297356
0.8,4,1.6,0.6,0.004343004
0.8,4,1.6,0.8,0.005745123
0.8,4,1.6,1,0.006808595
0.8,4,1.6,2,0.007604713
0.8,6,0.8,0.5,0.001309216
0.8,6,0.8,0.6,0.001724391
0.8,6,0.8,0.8,0.002281103
0.8,6,0.8,1,0.002703355
0.8,6,0.8,2,0.003019454
0.8,6,1,0.5,0.001565447
0.8,6,1,0.6,0.002061877
0.8,6,1,0.8,0.002727544
0.8,6,1,1,0.003232436
0.8,6,1,2,0.0036104
0.8,6,1.2,0.5,0.001924083
0.8,6,1.2,0.6,0.002534243
0.8,6,1.2,0.8,0.003352411
0.8,6,1.2,1,0.003972971
0.8,6,1.2,2,0.004437525
0.8,6,1.4,0.5,0.002227751
0.8,6,1.4,0.6,0.002934209
0.8,6,1.4,0.8,0.003881505
0.8,6,1.4,1,0.004600005
0.8,6,1.4,2,0.005137877
0.8,6,1.6,0.5,0.002572319
0.8,6,1.6,0.6,0.003388046
0.8,6,1.6,0.8,0.004481861
0.8,6,1.6,1,0.005311492
0.8,6,1.6,2,0.005932556
0.8,8,0.8,0.5,0.001050551
0.8,8,0.8,0.6,0.001383699
0.8,8,0.8,0.8,0.00183042
0.8,8,0.8,1,0.002169246
0.8,8,0.8,2,0.002422893
0.8,8,1,0.5,0.001256158
0.8,8,1,0.6,0.001654507
0.8,8,1,0.8,0.002188657
0.8,8,1,1,0.002593796
0.8,8,1,2,0.002897084
0.8,8,1.2,0.5,0.001543937
0.8,8,1.2,0.6,0.002033546
0.8,8,1.2,0.8,0.002690067
0.8,8,1.2,1,0.003188022
0.8,8,1.2,2,0.003560792
0.8,8,1.4,0.5,0.001787609
0.8,8,1.4,0.6,0.00235449
0.8,8,1.4,0.8,0.003114627
0.8,8,1.4,1,0.003691171
0.8,8,1.4,2,0.004122774
0.8,8,1.6,0.5,0.0020641
0.8,8,1.6,0.6,0.002718661
0.8,8,1.6,0.8,0.003596368
0.8,8,1.6,1,0.004262087
0.8,8,1.6,2,0.004760446
0.8,14,0.8,0.5,0.000804245
0.8,14,0.8,0.6,0.001059285
0.8,14,0.8,0.8,0.001401271
0.8,14,0.8,1,0.001660658
0.8,14,0.8,2,0.001854836
0.8,14,1,0.5,0.000961647
0.8,14,1,0.6,0.001266601
0.8,14,1,0.8,0.001675518
0.8,14,1,1,0.001985671
0.8,14,1,2,0.002217852
0.8,14,1.2,0.5,0.001181955
0.8,14,1.2,0.6,0.001556773
0.8,14,1.2,0.8,0.002059371
0.8,14,1.2,1,0.002440578
0.8,14,1.2,2,0.002725951
0.8,14,1.4,0.5,0.001368497
0.8,14,1.4,0.6,0.001802471
0.8,14,1.4,0.8,0.002384391
0.8,14,1.4,1,0.002825762
0.8,14,1.4,2,0.003156174
0.8,14,1.6,0.5,0.001580164
0.8,14,1.6,0.6,0.002081261
0.8,14,1.6,0.8,0.002753186
0.8,14,1.6,1,0.003262825
0.8,14,1.6,2,0.003644342
